Name,ISNI,Name variants,Web page,Identity 1 name,Identity 1 ISNI,Identity 2 name,Identity 2 ISNI,Identity 3 name,Identity 3 ISNI,Notes
Anne Charlotte Robertson,http://isni.org/isni/0000000460275532,,,,,,,,,
Anne Robertson,http://isni.org/isni/0000000460275532,,,,,,,,,
Maya Deren,http://isni.org/isni/0000000109059154,,,,,,,,,
Maya Deren and Alexander Hamid,,,,Maya Deren,http://isni.org/isni/0000000109059154,Alexander Hamid,http://isni.org/isni/0000000360279392,,,
Alexander Hamid,http://isni.org/isni/0000000360279392,,,,,,,,,
Tony Conrad,http://isni.org/isni/000000007841188X,,"https://en.wikipedia.org/wiki/Tony_Conrad",,,,,,,"https://en.wikipedia.org/wiki/Tony_Conrad"
"Judith Wechsler, Jean-Paul Fargier",,,,Judith Wechsler,http://isni.org/isni/0000000084056415,Jean-Paul Fargier,http://isni.org/isni/0000000121171317,,,
Judith Wechsler,http://isni.org/isni/0000000084056415,,,,,,,,,
Jean-Paul Fargier,http://isni.org/isni/0000000121171317,,,,,,,,,
"Judith Wechsler, Richard Leacock",,,,Richard Leacock,http://isni.org/isni/000000011747805X,,,,,
Richard Leacock,http://isni.org/isni/000000011747805X,,,,,,,,,
Emily Benton Firth,http://isni.org/isni/0000000460227549,Emily Benton Frith,www.imdb.com/name/nm0072899/,,,,,,,"""Frith"", www.imdb.com/name/nm0072899/"
Sabrina Zamella Foresi,http://isni.org/isni/0000000377468309,"Zanella-Foresi, Sabrina",,,,,,,,"Zanella-Foresi, Sabrina"
Bertolt Brecht and Erich Engel,,,,Bertolt Brecht,http://isni.org/isni/0000000121178009,Erich Engel,http://isni.org/isni/000000010870836X,,,
"Bertolt Brecht, Erich Engel",,,,Bertolt Brecht,http://isni.org/isni/0000000121178009,Erich Engel,http://isni.org/isni/000000010870836X,,,
Erich Engel,http://isni.org/isni/000000010870836X,,,,,,,,,
Bertolt Brecht,http://isni.org/isni/0000000121178009,,,,,,,,,
Joan Micklin Silver,http://isni.org/isni/000000007825153X,,,,,,,,,
"[Art Clokey?]","http://isni.org/isni/0000000076889695","","","","","","","","",""
"Anne Charlotte Robertson","http://isni.org/isni/0000000460275532","","","","","","","","",""
"B. F. Skinner","http://isni.org/isni/0000000084005968","","","","","","","","",""
"Brittany Gravely","http://isni.org/isni/0000000460204689","","","","","","","","",""
"Byambasuren Davaa, Luigi Falorni","","","","Byambasuren Davaa","http://isni.org/isni/0000000078265026","Luigi Falorni","http://isni.org/isni/0000000078275822","","",""
"Byambasuren Davaa","http://isni.org/isni/0000000078265026","","","","","","","","",""
"Luigi Falorni","http://isni.org/isni/0000000078275822","","","","","","","","",""
"Conrad J. Baumgartner","http://isni.org/isni/0000000360530209","","","","","","","","",""
"Donald Stuart Berman","http://isni.org/isni/0000000460180939","","","","","","","","",""
"Dorothea F Radusch; Helmut A Zander; James H Rothenberger","","","","","","","","","",""
"Dorothea F Radusch","http://isni.org/isni/0000000031312825","","","","","","","","",""
"Helmut A Zander","http://isni.org/isni/0000000027252786","","","","","","","","",""
"James H Rothenberger","http://isni.org/isni/0000000027382070","","","","","","","","",""
"Ed Pincus, David Neuman","","","","Ed Pincus","http://isni.org/isni/0000000083614630","David Neuman","","","",""
"Ed Pincus","http://isni.org/isni/0000000083614630","","","","","","","","",""
"David Neuman","","","","","","","","","",""
"Fenton Bailey, Randy Barbato","","","","Fenton Bailey","http://isni.org/isni/0000000059440845","Randy Barbato","http://isni.org/isni/0000000059440853","","",""
"Fenton Bailey","http://isni.org/isni/0000000059440845","","","","","","","","",""
"Randy Barbato","http://isni.org/isni/0000000059440853","","","","","","","","",""
"George Gordon, Carl Urbano","","","","George Gordon","http://isni.org/isni/0000000073575893","Carl Urbano","http://isni.org/isni/0000000001068892","","",""
"George Gordon","http://isni.org/isni/0000000073575893","","","","","","","","",""
"Carl Urbano","http://isni.org/isni/0000000001068892","","","","","","","","",""
"George Kuchar & class","","","","","","","","","",""
"George Kuchar","http://isni.org/isni/0000000081370943","","","","","","","","",""
"George Kuchar, Mike Kuchar","","","","George Kuchar","http://isni.org/isni/0000000081370943","Mike Kuchar","http://isni.org/isni/0000000081585047","","",""
"Mike Kuchar","http://isni.org/isni/0000000081585047","","","","","","","","",""
"Gerald L. Jubb","","","","","","","","","",""
"Gregg Tallas","http://isni.org/isni/0000000118666650","","","","","","","","",""
"I.H. Nagy","http://isni.org/isni/0000000419578128","","","","","","","","",""
"Jaan Tooming, Virve Aruoja","","","","Jaan Tooming","http://isni.org/isni/0000000460501309","Virve Aruoja","http://isni.org/isni/000000044772927X","","",""
"Jaan Tooming","http://isni.org/isni/0000000460501309","","","","","","","","",""
"Virve Aruoja","http://isni.org/isni/000000044772927X","","","","","","","","",""
"John Marshall & Adrienne Miesmer","","","","","","","","","",""
"John Marshall, Adrienne Miesmer","","","","John Marshall","http://isni.org/isni/0000000081148031","Adrienne Miesmer","http://isni.org/isni/0000000383308969","","",""
"John Marshall","http://isni.org/isni/0000000081148031","","","","","","","","",""
"Adrienne Miesmer","http://isni.org/isni/0000000383308969","","","","","","","","",""
"John Marshall, Roger Hart","","","","John Marshall","http://isni.org/isni/0000000081148031","Roger Hart","http://isni.org/isni/0000000052820888","","",""
"John Marshall","http://isni.org/isni/0000000081148031","","","","","","","","",""
"Roger Hart","http://isni.org/isni/0000000052820888","","","","","","","","",""
"Larry Roemer","http://isni.org/isni/0000000044366988","","","","","","","","",""
"Laurence Wylie, Alfred Guzzetti","","","","Laurence Wylie","http://isni.org/isni/0000000082394138","Alfred Guzzetti","http://isni.org/isni/0000000067173310","","",""
"Laurence Wylie","http://isni.org/isni/0000000082394138","","","","","","","","",""
"Alfred Guzzetti","http://isni.org/isni/0000000067173310","","","","","","","","",""
"Lois Ginandes","http://isni.org/isni/0000000460312604","","","","","","","","",""
"Marshall Harvey, Bob Rogers","","","","Marshall Harvey","","Bob Rogers","http://isni.org/isni/0000000384892087","","",""
"Marshall Harvey","","","","","","","","","",""
"Bob Rogers","http://isni.org/isni/0000000384892087","","","","","","","","",""
"Norman Abott","http://isni.org/isni/0000000034630474","","","","","","","","",""
"P. White","","","","","","","","","",""
"Philip Meyfarth","http://isni.org/isni/0000000460513457","","","","","","","","",""
"Richard Leacock,  Joyce  Chopra","","","","Richard Leacock","http://isni.org/isni/000000011747805X"," Joyce  Chopra","","","",""
"Richard Leacock","http://isni.org/isni/000000011747805X","","","","","","","","",""
"Joyce  Chopra","http://isni.org/isni/0000000365468723","","","","","","","","",""
"Steve Nagy, Glenn P. Anderson","","","","Steve Nagy","","Glenn P. Anderson","","","",""
"Steve Nagy","","","","","","","","","",""
"Glenn P. Anderson","","","","","","","","","",""
"Timothy Asch, Napoleon Chagnon","","","","Timothy Asch","http://isni.org/isni/000000007844514X","Napoleon Chagnon","http://isni.org/isni/0000000109344369","","",""
"Timothy Asch","http://isni.org/isni/000000007844514X","","","","","","","","",""
"Napoleon Chagnon","http://isni.org/isni/0000000109344369","","","","","","","","",""
"Tony Ganz, Rhody Streeter","","","","Tony Ganz","http://isni.org/isni/0000000046462746","Rhody Streeter","http://isni.org/isni/0000000460451671","","",""
"Tony Ganz","http://isni.org/isni/0000000046462746","","","","","","","","",""
"Rhody Streeter","http://isni.org/isni/0000000460451671","","","","","","","","",""
"W. Lee Wilder, Charles Saunders","","","","W. Lee Wilder","http://isni.org/isni/000000007731907X","Charles Saunders","http://isni.org/isni/0000000068849861","","",""
"W. Lee Wilder","http://isni.org/isni/000000007731907X","","","","","","","","",""
"Charles Saunders","http://isni.org/isni/0000000068849861","","","","","","","","",""
"Walt  Disney, Iwerks Ub","","","","Walt  Disney","http://isni.org/isni/0000000121280724","Iwerks Ub","http://isni.org/isni/000000006658664X","","",""
"Walt  Disney","http://isni.org/isni/0000000121280724","","","","","","","","",""
"Iwerks Ub","http://isni.org/isni/000000006658664X","","","","","","","","",""
"William Keighley, Michael Curtiz","","","","William Keighley","http://isni.org/isni/000000008159164X","Michael Curtiz","http://isni.org/isni/0000000123197246","","",""
"William Keighley","http://isni.org/isni/000000008159164X","","","","","","","","",""
"Michael Curtiz","http://isni.org/isni/0000000123197246","","","","","","","","",""
